13.5316,1100.05
13.5318,1100.05
13.5319,1100.05
13.5321,1100.05
13.5321,1100.05
13.5323,1100.05
13.5324,1100.05
13.5325,1100.05
13.5326,1100.05
13.5328,1100.05
13.5329,1100.05
13.533,1100.05
13.5332,1100.05
13.5333,1100.05
13.5336,1100.05
13.5336,1100.05
13.5337,1100.05
13.5338,1100.05
13.534,1100.06
13.5341,1100.06
13.5343,1100.06
13.5343,1100.06
13.5344,1100.06
13.5347,1100.06
13.5348,1100.06
13.535,1100.06
13.535,1100.06
13.5351,1100.06
13.5353,1100.06
13.5354,1100.06
13.5355,1100.06
13.5358,1100.06
13.5358,1100.06
13.5359,1100.06
13.5361,1100.06
13.5363,1100.06
13.5365,1100.06
13.5365,1100.06
13.5367,1100.06
13.5368,1100.06
13.5369,1100.06
13.5372,1100.06
13.5373,1100.06
13.5374,1100.06
13.5375,1100.06
13.5376,1100.06
13.538,1100.06
13.538,1100.06
13.5381,1100.06
13.5383,1100.06
13.5384,1100.06
13.5387,1100.06
13.5387,1100.06
13.5388,1100.06
13.539,1100.06
13.5391,1100.06
13.5393,1100.06
13.5394,1100.06
13.5395,1100.07
13.5397,1100.07
13.5398,1100.07
13.5401,1100.07
13.5401,1100.07
13.5403,1100.07
13.5404,1100.07
13.5405,1100.07
13.5425,1100.07
13.5436,1100.07
13.5457,1100.08
13.5498,1100.08
13.5538,1100.09
13.5589,1100.1
13.5718,1100.12
13.5764,1100.13
13.5833,1100.14
13.6005,1100.17
13.6111,1100.19
13.64,1100.24
13.64,1100.24
13.6623,1100.28
13.6751,1100.3
13.688,1100.32
13.7178,1100.37
13.7281,1100.39
13.743,1100.42
13.7799,1100.48
13.7986,1100.51
13.8441,1100.59
13.8441,1100.59
13.8748,1100.64
13.9024,1100.69
13.9256,1100.73
13.9489,1100.77
14.0041,1100.87
14.0201,1100.89
14.0466,1100.94
14.0752,1100.99
14.1301,1101.08
14.2003,1101.21
14.2003,1101.21
14.2451,1101.28
14.2801,1101.34
14.3155,1101.4
14.3484,1101.46
14.4241,1101.59
14.444,1101.63
14.4753,1101.68
14.5463,1101.8
14.5819,1101.86
14.6603,1102
14.6603,1102
14.7085,1102.08
14.7491,1102.15
14.7857,1102.22
14.8196,1102.27
14.8974,1102.41
14.9176,1102.44
14.949,1102.5
14.9864,1102.56
15.0534,1102.68
15.1397,1102.83
15.1397,1102.83
15.1856,1102.91
15.2297,1102.98
15.2613,1103.04
15.3348,1103.16
15.3548,1103.2
15.3927,1103.26
15.4302,1103.33
15.5029,1103.45
15.6098,1103.64
15.6098,1103.64
15.6642,1103.73
15.7119,1103.81
15.7671,1103.91
15.8609,1104.07
15.8898,1104.12
15.9291,1104.19
15.9716,1104.26
16.0296,1104.36
16.1559,1104.58
16.1655,1104.59
16.2252,1104.7
16.2837,1104.8
16.3328,1104.88
16.3766,1104.96
16.4941,1105.16
16.5385,1105.24
16.5732,1105.3
16.6249,1105.39
16.6872,1105.49
16.8588,1105.79
16.8588,1105.79
16.9352,1105.92
17.0034,1106.04
17.0615,1106.14
17.1137,1106.23
17.247,1106.46
17.2789,1106.51
17.3396,1106.62
17.3979,1106.72
17.5075,1106.91
17.6601,1107.17
17.6601,1107.17
17.7527,1107.33
17.8177,1107.44
17.8835,1107.55
18.0219,1107.79
18.0549,1107.85
18.1158,1107.95
18.193,1108.08
18.2473,1108.18
18.448,1108.52
18.448,1108.52
18.5288,1108.66
18.608,1108.8
18.6735,1108.91
18.8606,1109.23
18.8606,1109.23
18.9638,1109.41
19.0196,1109.51
19.0958,1109.64
19.155,1109.74
19.3083,1110
19.3505,1110.07
19.4036,1110.17
19.4917,1110.32
19.6191,1110.54
19.7618,1110.78
19.7618,1110.78
19.8539,1110.94
19.9267,1111.06
20.0052,1111.2
20.0711,1111.31
20.2193,1111.57
20.2522,1111.62
20.3099,1111.72
20.3913,1111.86
20.5223,1112.09
20.6883,1112.37
20.6883,1112.37
20.7828,1112.53
20.8624,1112.67
20.9308,1112.79
21.0841,1113.05
21.1344,1113.14
21.1801,1113.22
21.2667,1113.37
21.3255,1113.47
21.5381,1113.83
21.5381,1113.83
21.6577,1114.04
21.7215,1114.15
21.7824,1114.25
21.8611,1114.39
22.0106,1114.64
22.0604,1114.73
22.1255,1114.84
22.1928,1114.96
22.3229,1115.18
22.4853,1115.46
22.4853,1115.46
22.5812,1115.63
22.6596,1115.76
22.7386,1115.9
22.8043,1116.01
22.9699,1116.29
23.027,1116.39
23.0824,1116.49
23.1439,1116.59
23.2182,1116.72
23.4394,1117.1
23.4394,1117.1
23.5359,1117.27
23.6203,1117.41
23.6872,1117.53
23.7568,1117.65
23.911,1117.91
23.9408,1117.96
24.0235,1118.1
24.0875,1118.21
24.2104,1118.43
24.3851,1118.73
24.3851,1118.73
24.4839,1118.9
24.5554,1119.02
24.6318,1119.15
24.8186,1119.47
24.8186,1119.47
24.9238,1119.65
25.0051,1119.79
25.0665,1119.9
25.2498,1120.21
25.2903,1120.28
25.3713,1120.42
25.444,1120.55
25.5011,1120.64
25.5879,1120.79
25.743,1121.06
25.7891,1121.14
25.8499,1121.24
25.9308,1121.38
26.0589,1121.61
26.2375,1121.92
26.2375,1121.92
26.3317,1122.09
26.4173,1122.25
26.4795,1122.36
26.6337,1122.65
26.675,1122.73
26.7413,1122.85
26.8074,1122.98
26.9191,1123.19
27.0897,1123.52
27.0897,1123.52
27.1743,1123.68
27.2446,1123.82
27.3372,1124
27.4841,1124.28
27.5319,1124.37
27.59,1124.48
27.668,1124.63
27.74,1124.77
27.8111,1124.91
27.9577,1125.19
28.0017,1125.27
28.0623,1125.39
28.1415,1125.54
28.2799,1125.8
28.4529,1126.13
28.4529,1126.13
28.5469,1126.31
28.637,1126.48
28.7161,1126.63
28.7965,1126.79
28.9605,1127.1
29.0179,1127.21
29.0826,1127.33
29.1483,1127.46
29.2149,1127.58
29.4358,1128.01
29.4358,1128.01
29.5337,1128.19
29.6238,1128.37
29.6961,1128.5
29.7633,1128.63
29.8981,1128.89
29.9248,1128.94
30.0783,1129.24
30.16,1129.39
30.2329,1129.53
30.4045,1129.86
30.4045,1129.86
30.5136,1130.07
30.5889,1130.21
30.674,1130.38
30.7549,1130.53
30.928,1130.86
30.9721,1130.95
31.0357,1131.07
31.1186,1131.23
31.1932,1131.37
31.4187,1131.8
31.4187,1131.8
31.5312,1132.02
31.6022,1132.15
31.686,1132.32
31.7588,1132.45
31.9187,1132.76
31.9619,1132.84
32.0216,1132.96
32.1103,1133.13
32.2591,1133.41
32.4209,1133.72
32.4209,1133.72
32.5312,1133.93
32.6089,1134.08
32.6741,1134.21
32.7473,1134.35
32.904,1134.65
32.957,1134.75
33.0216,1134.87
33.164,1135.15
33.2406,1135.29
33.4123,1135.62
33.4123,1135.62
33.513,1135.81
33.6063,1135.98
33.6826,1136.13
33.7548,1136.26
33.8983,1136.52
33.9434,1136.6
34.0829,1136.85
34.1765,1137.02
34.2555,1137.15
34.4248,1137.45
34.4248,1137.45
34.5269,1137.63
34.6269,1137.8
34.7094,1137.94
34.7696,1138.05
34.9582,1138.37
35.0137,1138.47
35.064,1138.56
35.1595,1138.72
35.3758,1139.1
35.3758,1139.1
35.4778,1139.27
35.5803,1139.45
35.6595,1139.58
35.7353,1139.71
35.9189,1140.02
35.9867,1140.13
36.0688,1140.27
36.1218,1140.35
36.2276,1140.52
36.3837,1140.77
36.4594,1140.88
36.5137,1140.97
36.6002,1141.1
36.7614,1141.34
36.9456,1141.6
36.9456,1141.6
37.06,1141.77
37.1542,1141.9
37.253,1142.04
37.4168,1142.28
37.456,1142.33
37.5272,1142.43
37.6009,1142.53
37.6868,1142.65
37.9035,1142.96
37.9035,1142.96
37.9897,1143.08
38.0744,1143.19
38.1365,1143.28
38.2062,1143.38
38.3423,1143.57
38.3423,1143.57
38.411,1143.66
38.4804,1143.76
38.5364,1143.84
38.6383,1143.98
38.6604,1144.01
38.7079,1144.08
38.7705,1144.16
38.8388,1144.26
38.9182,1144.37
38.9182,1144.37
38.9794,1144.45
39.0209,1144.51
39.0561,1144.56
39.0954,1144.61
39.1703,1144.71
39.1948,1144.75
39.2245,1144.79
39.3082,1144.9
39.3474,1144.95
39.4382,1145.06
39.4382,1145.06
39.4945,1145.13
39.5416,1145.19
39.5816,1145.23
39.7031,1145.37
39.7031,1145.37
39.7591,1145.44
39.8035,1145.49
39.8504,1145.54
39.8904,1145.58
39.9788,1145.67
40.009,1145.7
40.0353,1145.73
40.0859,1145.78
40.162,1145.86
40.2552,1145.95
40.2552,1145.95
40.3189,1146.01
40.3632,1146.05
40.4015,1146.08
40.4428,1146.12
40.5387,1146.21
40.5683,1146.23
40.606,1146.26
40.6456,1146.3
40.7668,1146.39
40.7668,1146.39
40.8272,1146.44
40.8753,1146.47
40.9163,1146.5
40.958,1146.53
41.0525,1146.6
41.0795,1146.62
41.1195,1146.65
41.1591,1146.67
41.1987,1146.7
41.3305,1146.78
41.3305,1146.78
41.3884,1146.81
41.4275,1146.83
41.4697,1146.85
41.5105,1146.88
41.6002,1146.92
41.6254,1146.93
41.6528,1146.95
41.6939,1146.97
41.8234,1147.03
41.8234,1147.03
41.8854,1147.05
41.9354,1147.07
41.9767,1147.09
42.0239,1147.11
42.1164,1147.14
42.139,1147.15
42.2315,1147.18
42.2926,1147.2
42.3369,1147.22
42.4407,1147.25
42.4407,1147.25
42.5072,1147.27
42.5645,1147.29
42.6123,1147.3
42.6582,1147.31
42.7523,1147.34
42.7674,1147.34
42.8746,1147.36
42.925,1147.38
42.9704,1147.39
43.0841,1147.41
43.0841,1147.41
43.1558,1147.43
43.2024,1147.44
43.2591,1147.45
43.3102,1147.46
43.4085,1147.47
43.4382,1147.48
43.4824,1147.49
43.5773,1147.5
43.6238,1147.51
43.7426,1147.53
43.7426,1147.53
43.8182,1147.54
43.862,1147.55
43.9175,1147.56
43.9624,1147.56
44.0569,1147.58
44.071,1147.58
44.1819,1147.59
44.2345,1147.6
44.2768,1147.61
44.3841,1147.62
44.409,1147.62
44.4573,1147.63
44.5141,1147.64
44.545,1147.64
44.7118,1147.66
44.7118,1147.66
44.7828,1147.67
44.8368,1147.68
44.8871,1147.69
44.9338,1147.69
45.0617,1147.71
45.0939,1147.72
45.1347,1147.72
45.1904,1147.73
45.2476,1147.74
45.3681,1147.75
45.4092,1147.76
45.4626,1147.77
45.5173,1147.78
45.5798,1147.78
45.785,1147.81
45.785,1147.81
45.8767,1147.82
45.9608,1147.84
46.0321,1147.85
46.1082,1147.86
46.2729,1147.88
46.318,1147.88
46.3957,1147.89
46.4754,1147.9
46.6094,1147.92
46.8085,1147.95
46.8085,1147.95
46.9236,1147.96
46.999,1147.97
47.0858,1147.99
47.253,1148.01
47.2949,1148.01
47.3634,1148.02
47.453,1148.03
47.5259,1148.04
47.7601,1148.07
47.7601,1148.07
47.8782,1148.09
47.9568,1148.1
48.0343,1148.11
48.1027,1148.11
48.2991,1148.14
48.3475,1148.14
48.4183,1148.15
48.4934,1148.16
48.5633,1148.17
48.7343,1148.19
48.779,1148.2
48.8471,1148.2
48.9294,1148.21
49.0756,1148.23
49.2638,1148.25
49.2638,1148.25
49.3604,1148.26
49.4597,1148.27
49.5329,1148.28
49.6935,1148.29
49.7454,1148.29
49.8005,1148.3
49.8845,1148.3
49.9611,1148.31
50.1634,1148.32
50.1634,1148.32
50.257,1148.32
50.3505,1148.32
50.4229,1148.33
50.4987,1148.33
50.6433,1148.33
50.6653,1148.33
50.7545,1148.33
50.8947,1148.33
50.9652,1148.33
51.1353,1148.32
51.1353,1148.32
51.2427,1148.32
51.3156,1148.32
51.4093,1148.32
51.575,1148.31
51.575,1148.31
51.6765,1148.3
51.7593,1148.3
51.8283,1148.29
51.8837,1148.29
52.0744,1148.27
52.0744,1148.27
52.1732,1148.27
52.2536,1148.26
52.3176,1148.25
52.4808,1148.23
52.4808,1148.23
52.5737,1148.21
52.6464,1148.2
52.7133,1148.19
52.8453,1148.17
52.8873,1148.16
52.9454,1148.15
53,1148.14
53.1181,1148.11
53.261,1148.08
53.261,1148.08
53.3371,1148.06
53.4118,1148.04
53.4693,1148.02
53.524,1148.01
53.6345,1147.97
53.6526,1147.97
53.7117,1147.95
53.8283,1147.91
53.8901,1147.89
54.0132,1147.84
54.0132,1147.84
54.0935,1147.81
54.1455,1147.79
54.2117,1147.76
54.2592,1147.74
54.3756,1147.69
54.4056,1147.68
54.4465,1147.66
54.5106,1147.64
54.6128,1147.59
54.7314,1147.54
54.7314,1147.54
54.804,1147.51
54.857,1147.48
54.9196,1147.45
54.9709,1147.43
55.0894,1147.37
55.1303,1147.35
55.1712,1147.34
55.2944,1147.28
55.3575,1147.25
55.484,1147.19
55.5053,1147.18
55.5876,1147.14
55.6554,1147.1
55.7259,1147.07
55.7855,1147.04
55.9571,1146.96
55.9902,1146.94
56.0608,1146.9
56.1454,1146.86
56.2246,1146.82
56.3928,1146.74
56.4224,1146.73
56.5023,1146.69
56.5964,1146.64
56.7587,1146.56
56.9481,1146.47
56.9481,1146.47
57.0635,1146.41
57.173,1146.36
57.2546,1146.32
57.3314,1146.28
57.5387,1146.18
57.5807,1146.16
57.6764,1146.11
57.8313,1146.04
57.9335,1145.99
58.1414,1145.88
58.1414,1145.88
58.2702,1145.82
58.3615,1145.78
58.4619,1145.73
58.639,1145.64
58.6944,1145.61
58.762,1145.58
58.8601,1145.53
58.9429,1145.49
59.2185,1145.36
59.2185,1145.36
59.3464,1145.29
59.4442,1145.25
59.5285,1145.2
59.6322,1145.15
59.8273,1145.06
59.877,1145.03
59.9642,1144.99
60.0701,1144.94
60.2627,1144.85
60.4947,1144.73
60.4947,1144.73
60.6309,1144.66
60.7514,1144.61
60.855,1144.55
61.1908,1144.39
61.1908,1144.39
61.3462,1144.31
61.4639,1144.26
61.5776,1144.2
61.6845,1144.15
61.9475,1144.02
62.0043,1143.99
62.099,1143.94
62.2277,1143.88
62.3494,1143.82
62.5899,1143.7
62.6509,1143.67
62.7438,1143.63
62.8669,1143.57
62.9837,1143.51
63.3163,1143.35
63.3163,1143.35
63.461,1143.28
63.5934,1143.21
63.7027,1143.16
63.7914,1143.11
64.0485,1142.99
64.1247,1142.95
64.2228,1142.9
64.3193,1142.86
64.5504,1142.74
64.8019,1142.62
64.8019,1142.62
64.9538,1142.55
65.0898,1142.48
65.1996,1142.42
65.5379,1142.26
65.5379,1142.26
65.7079,1142.18
65.8356,1142.11
65.9373,1142.06
66.0468,1142.01
66.2895,1141.89
66.3568,1141.86
66.4511,1141.81
66.678,1141.7
66.8056,1141.64
67.0868,1141.5
67.0868,1141.5
67.2323,1141.43
67.3685,1141.36
67.4902,1141.3
67.739,1141.18
67.7992,1141.15
67.9022,1141.1
68.0494,1141.03
68.1315,1140.99
68.2295,1140.94
68.4829,1140.81
68.5456,1140.78
68.647,1140.73
68.8695,1140.62
68.9841,1140.57
69.229,1140.45
69.229,1140.45
69.3755,1140.37
69.5116,1140.31
69.6191,1140.26
69.949,1140.09
69.949,1140.09
70.1139,1140.01
70.2134,1139.96
70.3494,1139.9
70.4713,1139.84
70.6922,1139.73
70.7589,1139.7
70.8483,1139.66
70.9745,1139.6
71.1917,1139.5
71.4304,1139.39
71.4304,1139.39
71.5909,1139.32
71.7128,1139.27
71.8231,1139.22
71.9208,1139.18
72.1924,1139.07
72.2707,1139.04
72.3634,1139
72.4632,1138.96
72.5938,1138.91
72.8169,1138.83
72.8559,1138.82
72.9777,1138.77
73.2085,1138.69
73.3273,1138.65
73.573,1138.56
73.6094,1138.55
73.7348,1138.51
73.8602,1138.47
73.9647,1138.44
74.0564,1138.41
74.3415,1138.33
74.3934,1138.31
74.5157,1138.28
74.625,1138.25
74.7241,1138.22
74.9864,1138.16
75.0717,1138.14
75.157,1138.12
75.2561,1138.1
75.4783,1138.06
75.7273,1138.02
75.7273,1138.02
75.8676,1138
76.0035,1137.98
76.1166,1137.96
76.2213,1137.95
76.4686,1137.93
76.5493,1137.92
76.6339,1137.91
76.7352,1137.91
76.9347,1137.9
77.1793,1137.89
77.1793,1137.89
77.3308,1137.89
77.4276,1137.89
77.5667,1137.89
77.765,1137.9
77.8262,1137.91
77.9053,1137.91
78.0155,1137.92
78.1117,1137.93
78.4337,1137.97
78.4337,1137.97
78.564,1137.98
78.682,1138
78.7796,1138.02
79.0557,1138.07
79.0557,1138.07
79.181,1138.09
79.3061,1138.12
79.3925,1138.14
79.4872,1138.16
79.694,1138.21
79.7496,1138.22
79.8282,1138.24
79.9348,1138.27
80.1118,1138.31
80.3568,1138.38
80.3568,1138.38
80.4836,1138.41
80.5933,1138.44
80.6805,1138.47
80.9024,1138.53
80.9478,1138.55
81.0319,1138.57
81.1385,1138.6
81.2295,1138.63
81.4436,1138.69
81.4893,1138.71
81.5831,1138.73
81.6926,1138.77
81.7883,1138.79
82.1006,1138.88
82.1006,1138.88
82.2498,1138.93
82.3504,1138.96
82.4669,1138.99
82.5685,1139.02
82.839,1139.1
82.9042,1139.12
83,1139.15
83.1029,1139.18
83.2391,1139.22
83.4794,1139.29
83.5407,1139.31
83.6407,1139.33
83.7647,1139.37
83.9982,1139.44
84.2748,1139.52
84.2748,1139.52
84.433,1139.57
84.5944,1139.61
84.7024,1139.65
84.9388,1139.72
84.9834,1139.73
85.1214,1139.77
85.2437,1139.81
85.4559,1139.87
85.7307,1139.96
85.7307,1139.96
85.904,1140.01
86.0155,1140.05
86.1397,1140.09
86.2595,1140.13
86.5232,1140.22
86.5906,1140.24
86.6701,1140.27
86.8,1140.31
86.9243,1140.36
87.0461,1140.41
87.2831,1140.5
87.3383,1140.52
87.4465,1140.56
87.6655,1140.65
87.7754,1140.7
88.0056,1140.8
88.0056,1140.8
88.1532,1140.87
88.273,1140.93
88.3654,1140.98
88.4755,1141.03
88.7126,1141.15
88.7672,1141.18
88.8686,1141.24
88.9574,1141.29
89.0731,1141.35
89.1773,1141.41
89.4157,1141.55
89.4906,1141.59
89.5625,1141.63
89.6514,1141.69
89.953,1141.87
89.953,1141.87
90.0826,1141.95
90.2004,1142.02
90.2963,1142.08
90.3924,1142.15
90.5846,1142.27
90.6441,1142.31
90.7213,1142.36
90.8125,1142.42
91.0047,1142.56
91.2143,1142.71
91.2143,1142.71
91.3664,1142.83
91.4432,1142.89
91.5482,1142.97
91.7447,1143.13
91.7879,1143.16
91.8815,1143.24
91.9888,1143.33
92.0769,1143.4
92.3815,1143.66
92.3815,1143.66
92.5072,1143.77
92.6281,1143.87
92.7255,1143.96
92.9485,1144.15
93.0166,1144.22
93.0835,1144.27
93.2046,1144.38
93.2635,1144.44
93.4729,1144.63
93.529,1144.69
93.6498,1144.8
93.7367,1144.88
93.8176,1144.96
93.8995,1145.04
94.1193,1145.26
94.1814,1145.33
94.2442,1145.39
94.3378,1145.49
94.5303,1145.69
94.7138,1145.88
94.7138,1145.88
94.8474,1146.02
94.924,1146.1
95.0282,1146.21
95.1008,1146.29
95.2626,1146.46
95.3165,1146.52
95.3821,1146.59
95.571,1146.79
95.6577,1146.88
95.8049,1147.04
95.838,1147.08
95.9196,1147.17
96.019,1147.28
96.0986,1147.37
96.3095,1147.61
96.3095,1147.61
96.4272,1147.75
96.5074,1147.85
96.5908,1147.95
96.66,1148.03
96.8475,1148.27
96.8475,1148.27
96.9489,1148.41
97.0269,1148.51
97.1041,1148.61
97.2845,1148.87
97.2845,1148.87
97.3817,1149.01
97.4761,1149.15
97.5325,1149.23
97.6507,1149.41
97.6784,1149.45
97.7393,1149.54
97.8717,1149.74
97.9528,1149.87
98.0897,1150.08
98.0897,1150.08
98.1829,1150.23
98.2507,1150.33
98.3101,1150.43
98.3635,1150.51
98.5179,1150.75
98.5712,1150.83
98.6294,1150.92
98.6881,1151.02
98.8485,1151.27
98.8728,1151.31
98.8728,1151.31
99.0324,1151.57
99.0689,1151.63
99.1327,1151.73
99.2763,1151.97
99.3235,1152.05
99.3724,1152.13
99.512,1152.36
99.5711,1152.46
99.7297,1152.72
99.7297,1152.72
99.8254,1152.88
99.8948,1153
99.9656,1153.11
100.094,1153.33
100.12,1153.37
100.188,1153.48
100.261,1153.6
100.382,1153.8
100.535,1154.05
100.535,1154.05
100.63,1154.21
100.721,1154.36
100.778,1154.46
100.837,1154.55
100.993,1154.81
101.038,1154.89
101.107,1155
101.168,1155.1
101.308,1155.33
101.469,1155.6
101.469,1155.6
101.56,1155.75
101.65,1155.9
101.728,1156.04
101.875,1156.29
101.912,1156.35
101.97,1156.45
102.057,1156.6
102.117,1156.71
102.311,1157.07
102.311,1157.07
102.416,1157.26
102.486,1157.4
102.534,1157.49
102.59,1157.6
102.729,1157.88
102.765,1157.95
102.816,1158.05
102.875,1158.17
102.987,1158.4
103.124,1158.67
103.124,1158.67
103.203,1158.84
103.274,1158.98
103.34,1159.11
103.462,1159.36
103.499,1159.43
103.57,1159.57
103.614,1159.66
103.727,1159.89
103.867,1160.17
103.867,1160.17
103.951,1160.33
104.014,1160.46
104.085,1160.6
104.245,1160.92
104.245,1160.92
104.324,1161.08
104.397,1161.22
104.455,1161.34
104.581,1161.59
104.619,1161.66
104.675,1161.77
104.782,1161.99
104.847,1162.12
104.955,1162.33
104.977,1162.38
105.034,1162.49
105.106,1162.63
105.165,1162.75
105.224,1162.87
105.353,1163.13
105.395,1163.21
105.441,1163.31
105.501,1163.43
105.557,1163.55
105.712,1163.87
105.712,1163.87
105.794,1164.05
105.851,1164.17
105.915,1164.31
106.049,1164.62
106.049,1164.62
106.12,1164.79
106.175,1164.92
106.226,1165.05
106.262,1165.14
106.382,1165.45
106.382,1165.45
106.441,1165.61
106.494,1165.76
106.532,1165.88
106.616,1166.13
106.639,1166.21
106.665,1166.29
106.701,1166.41
106.744,1166.55
106.846,1166.91
106.846,1166.91
106.887,1167.06
106.93,1167.22
106.96,1167.34
106.998,1167.49
107.034,1167.64
107.072,1167.79
107.103,1167.93
107.123,1168.02
107.15,1168.15
107.221,1168.51
107.221,1168.51
107.253,1168.7
107.273,1168.82
107.29,1168.93
107.304,1169.03
107.341,1169.31
107.351,1169.4
107.358,1169.47
107.369,1169.59
107.38,1169.72
107.396,1169.96
107.401,1170.05
107.404,1170.14
107.408,1170.24
107.41,1170.37
107.409,1170.73
107.409,1170.73
107.403,1170.9
107.398,1171.01
107.391,1171.12
107.375,1171.34
107.367,1171.42
107.358,1171.51
107.345,1171.63
107.333,1171.72
107.29,1172.01
107.29,1172.01
107.264,1172.15
107.243,1172.26
107.224,1172.36
107.208,1172.43
107.155,1172.66
107.14,1172.72
107.118,1172.8
107.097,1172.88
107.07,1172.97
107.018,1173.14
107.006,1173.18
106.981,1173.25
106.919,1173.43
106.891,1173.51
106.831,1173.66
106.82,1173.69
106.786,1173.77
106.746,1173.86
106.717,1173.93
106.594,1174.18
106.594,1174.18
106.542,1174.28
106.506,1174.35
106.463,1174.43
106.384,1174.56
106.367,1174.59
106.327,1174.66
106.281,1174.73
106.245,1174.78
106.113,1174.98
106.113,1174.98
106.06,1175.05
106.004,1175.12
105.961,1175.18
105.921,1175.23
105.819,1175.36
105.791,1175.39
105.755,1175.43
105.699,1175.5
105.619,1175.59
105.508,1175.71
105.508,1175.71
105.436,1175.79
105.391,1175.84
105.331,1175.9
105.218,1176.02
105.218,1176.02
105.15,1176.09
105.098,1176.14
105.044,1176.2
104.999,1176.24
104.848,1176.39
104.848,1176.39
104.772,1176.46
104.718,1176.51
104.672,1176.56
104.573,1176.65
104.557,1176.67
104.5,1176.72
104.398,1176.82
104.349,1176.87
104.233,1176.98
104.233,1176.98
104.161,1177.05
104.105,1177.11
104.057,1177.15
104.009,1177.2
103.894,1177.31
103.863,1177.34
103.828,1177.38
103.77,1177.44
103.721,1177.48
103.567,1177.64
103.567,1177.64
103.495,1177.71
103.448,1177.75
103.392,1177.81
103.345,1177.85
103.227,1177.97
103.194,1178
103.15,1178.05
103.105,1178.09
103.063,1178.14
103.008,1178.19
102.892,1178.31
102.857,1178.35
102.82,1178.38
102.775,1178.43
102.716,1178.49
102.621,1178.59
102.609,1178.6
102.555,1178.66
102.486,1178.73
102.394,1178.82
102.255,1178.96
102.255,1178.96
102.18,1179.04
102.105,1179.11
102.024,1179.2
101.954,1179.27
101.87,1179.35
101.791,1179.43
101.726,1179.5
101.664,1179.56
101.608,1179.61
101.452,1179.77
101.404,1179.82
101.34,1179.88
101.273,1179.95
101.201,1180.03
101.047,1180.18
101.004,1180.22
100.933,1180.3
100.794,1180.44
100.709,1180.52
100.555,1180.68
100.555,1180.68
100.428,1180.81
100.351,1180.89
100.265,1180.97
100.157,1181.08
99.9348,1181.31
99.9348,1181.31
99.8112,1181.43
99.723,1181.52
99.6419,1181.6
99.4451,1181.8
99.39,1181.86
99.3046,1181.95
99.2273,1182.02
99.145,1182.11
98.8302,1182.42
98.8302,1182.42
98.6777,1182.58
98.5791,1182.68
98.5061,1182.75
98.3864,1182.87
98.1741,1183.07
98.1093,1183.13
98.0434,1183.2
97.9233,1183.31
97.8313,1183.4
97.4758,1183.73
97.4758,1183.73
97.3396,1183.85
97.1972,1183.98
97.0798,1184.09
96.8484,1184.29
96.7868,1184.35
96.6768,1184.45
96.564,1184.55
96.4573,1184.64
96.1135,1184.95
96.1135,1184.95
95.9529,1185.1
95.8452,1185.19
95.7178,1185.31
95.6128,1185.4
95.3674,1185.62
95.3057,1185.68
95.2049,1185.77
95.0854,1185.88
94.9842,1185.97
94.669,1186.25
94.669,1186.25
94.504,1186.4
94.3831,1186.5
94.2737,1186.6
94.1716,1186.68
93.8845,1186.92
93.7909,1187
93.687,1187.09
93.5861,1187.17
93.4698,1187.27
93.0616,1187.6
93.0616,1187.6
92.8998,1187.72
92.7467,1187.85
92.6266,1187.94
92.4903,1188.05
92.1717,1188.31
92.0766,1188.39
91.9875,1188.46
91.8356,1188.58
91.7112,1188.68
91.4356,1188.9
91.3884,1188.94
91.2225,1189.07
90.9565,1189.29
90.8364,1189.38
90.4994,1189.65
90.4994,1189.65
90.3208,1189.79
90.158,1189.92
89.9959,1190.05
89.717,1190.26
89.6601,1190.3
89.522,1190.41
89.3329,1190.55
89.0485,1190.76
88.7489,1190.97
88.6933,1191.01
88.5116,1191.14
88.3439,1191.25
88.186,1191.36
88.023,1191.47
87.6802,1191.69
87.5877,1191.75
87.4344,1191.85
87.0864,1192.06
86.907,1192.17
86.5296,1192.4
86.5296,1192.4
86.281,1192.55
86.0874,1192.67
85.8978,1192.78
85.7463,1192.87
85.3082,1193.13
85.1854,1193.2
85.0247,1193.3
84.8395,1193.41
84.6807,1193.5
84.0611,1193.87
84.0611,1193.87
83.8234,1194.01
83.5817,1194.16
83.3878,1194.27
83.1933,1194.39
82.7018,1194.68
82.7018,1194.68
82.4432,1194.84
82.2042,1194.98
81.9933,1195.11
81.5544,1195.37
81.4571,1195.43
81.2671,1195.54
81.037,1195.68
80.843,1195.8
80.648,1195.91
80.204,1196.18
80.0662,1196.26
79.9182,1196.35
79.6487,1196.51
79.2909,1196.73
78.7771,1197.03
78.7771,1197.03
78.5135,1197.19
78.2722,1197.33
78.0302,1197.48
77.5973,1197.74
77.4953,1197.8
77.2636,1197.94
77.039,1198.07
76.6283,1198.32
76.1358,1198.61
76.1358,1198.61
75.8635,1198.77
75.582,1198.94
75.3661,1199.06
75.1334,1199.2
74.6341,1199.49
74.5208,1199.55
74.3412,1199.65
74.0825,1199.8
73.8426,1199.93
73.3187,1200.22
73.1713,1200.3
73.0011,1200.4
72.762,1200.53
72.5502,1200.64
71.915,1200.99
71.915,1200.99
71.5537,1201.19
71.3191,1201.32
71.0883,1201.44
70.6752,1201.67
70.5403,1201.74
70.3075,1201.87
70.0607,1202.01
69.8572,1202.12
69.6203,1202.25
69.0834,1202.54
68.9368,1202.62
68.7776,1202.71
68.539,1202.84
68.2765,1202.99
67.7852,1203.26
67.66,1203.32
67.4361,1203.45
67.1592,1203.6
66.7465,1203.83
66.2261,1204.11
66.2261,1204.11
65.8966,1204.29
65.6322,1204.44
65.405,1204.56
65.0994,1204.73
64.7238,1204.93
64.6515,1204.97
64.3762,1205.12
63.9019,1205.37
63.6465,1205.5
63.1133,1205.79
63.1133,1205.79
62.7688,1205.97
62.5092,1206.1
62.2711,1206.23
62.0631,1206.34
61.4764,1206.65
61.341,1206.72
61.1033,1206.85
60.8755,1206.97
60.5695,1207.13
60.0713,1207.39
59.9321,1207.46
59.6976,1207.59
59.4856,1207.7
59.2183,1207.84
58.5536,1208.19
58.5536,1208.19
58.2351,1208.35
57.9274,1208.5
57.7165,1208.61
57.5185,1208.71
56.9831,1208.96
56.8907,1209.01
56.6567,1209.12
56.3635,1209.25
55.9007,1209.46
55.3748,1209.69
55.3748,1209.69
55.0247,1209.84
54.7596,1209.96
54.5153,1210.06
53.7771,1210.38
53.7771,1210.38
53.4286,1210.53
53.1961,1210.63
52.9242,1210.74
52.686,1210.84
52.1598,1211.07
52.0498,1211.12
51.8919,1211.18
51.6159,1211.3
51.0875,1211.53
50.5338,1211.77
50.5338,1211.77
50.193,1211.92
49.9049,1212.04
49.6875,1212.14
49.4761,1212.23
48.9506,1212.46
48.803,1212.52
48.599,1212.61
48.1278,1212.82
47.8736,1212.93
47.37,1213.15
47.37,1213.15
47.0685,1213.28
46.7795,1213.4
46.5416,1213.5
45.8303,1213.81
45.8303,1213.81
45.5048,1213.95
45.2636,1214.05
45.0019,1214.17
44.771,1214.27
44.2646,1214.48
44.1356,1214.54
43.9421,1214.62
43.7082,1214.72
43.2835,1214.91
42.837,1215.1
42.837,1215.1
42.5499,1215.22
42.3341,1215.31
42.1095,1215.41
41.9052,1215.5
41.4447,1215.7
41.3334,1215.74
41.1685,1215.82
40.944,1215.91
40.7656,1215.99
40.1625,1216.25
40.1625,1216.25
39.9172,1216.35
39.7121,1216.44
39.5367,1216.52
39.3634,1216.59
38.9806,1216.76
38.8705,1216.81
38.7291,1216.87
38.5704,1216.94
38.2621,1217.07
37.9097,1217.22
37.9097,1217.22
37.7092,1217.31
37.5482,1217.38
37.3627,1217.46
37.1007,1217.57
37.0349,1217.6
36.9026,1217.66
36.7666,1217.72
36.6567,1217.76
36.26,1217.93
36.26,1217.93
36.088,1218.01
35.969,1218.06
35.8576,1218.11
35.7669,1218.15
35.5157,1218.25
35.4618,1218.27
35.342,1218.32
35.2614,1218.36
35.1817,1218.39
34.8967,1218.51
34.8967,1218.51
34.7823,1218.56
34.681,1218.6
34.6021,1218.63
34.5259,1218.67
34.3602,1218.73
34.3191,1218.75
34.2542,1218.78
34.1914,1218.8
34.0746,1218.85
33.9356,1218.91
33.9356,1218.91
33.8585,1218.94
33.8128,1218.96
33.7576,1218.99
33.663,1219.03
33.6452,1219.03
33.5981,1219.05
33.4962,1219.09
33.4431,1219.11
33.347,1219.15
33.347,1219.15
33.2785,1219.18
33.2317,1219.19
33.1846,1219.21
33.1474,1219.22
33.044,1219.25
33.0148,1219.26
32.9751,1219.27
32.9381,1219.28
32.8484,1219.3
32.7525,1219.32
32.7525,1219.32
32.7002,1219.33
32.6534,1219.34
32.5765,1219.35
32.4762,1219.37
32.4762,1219.37
32.4225,1219.38
32.38,1219.38
32.3327,1219.39
32.243,1219.4
32.219,1219.4
32.172,1219.41
32.1402,1219.41
32.1065,1219.42
31.9718,1219.43
31.9718,1219.43
31.904,1219.43
31.8647,1219.44
31.8076,1219.44
31.7623,1219.44
31.6595,1219.45
31.6323,1219.45
31.5758,1219.46
31.4719,1219.46
31.3924,1219.47
31.3042,1219.47
31.2798,1219.47
31.2206,1219.47
31.1447,1219.48
31.015,1219.48
30.8769,1219.48
30.8769,1219.48
30.7863,1219.48
30.6952,1219.48
30.6205,1219.48
30.5415,1219.48
30.378,1219.48
30.3362,1219.47
30.262,1219.47
30.1678,1219.47
30.0104,1219.47
29.8183,1219.46
29.8183,1219.46
29.7006,1219.46
29.6049,1219.45
29.4936,1219.45
29.2396,1219.44
29.2396,1219.44
29.1289,1219.43
29.0124,1219.43
28.9262,1219.43
28.8438,1219.42
28.6434,1219.41
28.6014,1219.41
28.5222,1219.41
28.2115,1219.4
28.2115,1219.4
28.0615,1219.4
28.0348,1219.39
27.8423,1219.39
27.752,1219.39
27.6686,1219.38
27.4722,1219.38
27.4722,1219.38
27.3576,1219.37
27.2475,1219.37
27.1694,1219.36
27.0891,1219.36
26.9138,1219.35
26.8659,1219.35
26.7812,1219.34
26.6204,1219.33
26.5431,1219.32
26.3538,1219.31
26.3538,1219.31
26.2356,1219.3
26.1382,1219.29
26.0455,1219.28
25.8728,1219.26
25.8224,1219.26
25.7556,1219.25
25.6601,1219.24
25.5834,1219.23
25.4926,1219.22
25.2952,1219.2
25.2419,1219.19
25.1819,1219.19
25.0886,1219.17
25.0095,1219.16
24.7419,1219.13
24.7419,1219.13
24.6272,1219.11
24.5389,1219.09
24.4664,1219.08
24.3983,1219.07
24.2216,1219.04
24.1907,1219.03
24.1133,1219.02
24.0259,1219
23.8823,1218.97
23.7157,1218.93
23.7157,1218.93
23.618,1218.9
23.5258,1218.88
23.4572,1218.86
23.3922,1218.84
23.2267,1218.79
23.1876,1218.78
23.1164,1218.76
23.0404,1218.73
22.8992,1218.68
22.7497,1218.63
22.7497,1218.63
22.645,1218.59
22.583,1218.57
22.5022,1218.54
22.437,1218.51
22.2908,1218.46
22.244,1218.44
22.198,1218.42
22.1116,1218.38
21.9856,1218.33
21.8466,1218.27
21.8466,1218.27
21.7632,1218.24
21.679,1218.2
21.6118,1218.17
21.5412,1218.14
21.4116,1218.08
21.3826,1218.07
21.3204,1218.04
21.2413,1218
21.1132,1217.93
20.9556,1217.85
20.9556,1217.85
20.856,1217.8
20.7819,1217.75
20.7108,1217.71
20.6307,1217.67
20.4945,1217.59
20.4556,1217.57
20.3178,1217.49
20.248,1217.45
20.1787,1217.4
20.0263,1217.31
20.0263,1217.31
19.9326,1217.25
19.8599,1217.2
19.7902,1217.16
19.7389,1217.12
19.5807,1217.01
19.5367,1216.98
19.4798,1216.94
19.4216,1216.9
19.3692,1216.86
19.1626,1216.7
19.1626,1216.7
19.0809,1216.64
19.0189,1216.59
18.9517,1216.53
18.8928,1216.48
18.7584,1216.37
18.7255,1216.34
18.6806,1216.3
18.6129,1216.24
18.5054,1216.15
18.3786,1216.04
18.3786,1216.04
18.2923,1215.96
18.2282,1215.91
18.1753,1215.86
18.1086,1215.8
17.9817,1215.68
17.9493,1215.65
17.8987,1215.6
17.8343,1215.54
17.7242,1215.43
17.5992,1215.3
17.5992,1215.3
17.5271,1215.23
17.4586,1215.16
17.4059,1215.1
17.3578,1215.05
17.2395,1214.93
17.2174,1214.9
17.1568,1214.84
17.0529,1214.72
16.9952,1214.66
16.8849,1214.54
16.8849,1214.54
16.8099,1214.46
16.7499,1214.4
16.6965,1214.34
16.5447,1214.17
16.5447,1214.17
16.4689,1214.08
16.4215,1214.03
16.3618,1213.96
16.3139,1213.9
16.2113,1213.78
16.1828,1213.75
16.1425,1213.7
16.0398,1213.57
15.9938,1213.52
15.8805,1213.38
15.8805,1213.38
15.814,1213.3
15.7624,1213.24
15.7078,1213.17
15.6616,1213.11
15.5485,1212.97
15.5156,1212.93
15.4822,1212.89
15.4256,1212.82
15.3344,1212.71
15.2279,1212.57
15.2279,1212.57
15.168,1212.5
15.1105,1212.42
15.0659,1212.37
14.9245,1212.18
14.9245,1212.18
14.852,1212.08
14.8167,1212.03
14.7667,1211.96
14.7237,1211.9
14.6362,1211.78
14.6233,1211.76
14.5767,1211.7
14.4817,1211.57
14.4364,1211.51
14.34,1211.38
14.34,1211.38
14.2763,1211.29
14.2327,1211.23
14.1826,1211.17
14.1385,1211.11
14.0341,1210.97
14.0062,1210.93
13.9741,1210.89
13.9235,1210.82
13.8398,1210.71
13.7356,1210.56
13.7356,1210.56
13.6801,1210.48
13.6272,1210.41
13.5831,1210.35
13.4941,1210.22
13.4718,1210.19
13.4393,1210.14
13.387,1210.06
13.3171,1209.96
13.218,1209.81
13.218,1209.81
13.1611,1209.72
13.1226,1209.66
13.0768,1209.59
12.9847,1209.46
12.9628,1209.42
12.9188,1209.36
12.8834,1209.3
12.8346,1209.23
12.6969,1209.02
12.6969,1209.02
12.6366,1208.93
12.5805,1208.84
12.5325,1208.77
12.4866,1208.69
12.3716,1208.51
12.3416,1208.47
12.3015,1208.4
12.2473,1208.32
12.151,1208.16
12.0392,1207.98
12.0392,1207.98
11.9746,1207.88
11.9026,1207.77
11.8504,1207.68
11.7971,1207.6
11.6801,1207.41
11.6571,1207.38
11.6064,1207.3
11.5436,1207.2
11.4349,1207.03
11.3171,1206.84
11.3171,1206.84
11.2451,1206.73
11.1859,1206.63
11.127,1206.54
11.0753,1206.46
10.9724,1206.29
10.9415,1206.24
10.8369,1206.08
10.7843,1205.99
10.7297,1205.91
10.625,1205.74
10.6049,1205.71
10.5519,1205.62
10.4892,1205.52
10.4366,1205.44
10.2722,1205.17
10.2722,1205.17
10.2028,1205.06
10.1407,1204.96
10.089,1204.87
10.0392,1204.79
9.93256,1204.61
9.90975,1204.57
9.8608,1204.49
9.81407,1204.41
9.71237,1204.23
9.59868,1204.02
9.59868,1204.02
9.53974,1203.91
9.47836,1203.8
9.43395,1203.72
9.3341,1203.53
9.31655,1203.49
9.27201,1203.41
9.21957,1203.31
9.17375,1203.23
9.03258,1202.96
9.03258,1202.96
8.96841,1202.85
8.91642,1202.75
8.8694,1202.66
8.83098,1202.59
8.72273,1202.39
8.69508,1202.34
8.65293,1202.26
8.61314,1202.19
8.52294,1202.02
8.41598,1201.82
8.41598,1201.82
8.3582,1201.71
8.30766,1201.61
8.27388,1201.55
8.21771,1201.44
8.12277,1201.26
8.10078,1201.22
8.05345,1201.13
7.97464,1200.98
7.92437,1200.88
7.80347,1200.66
7.80347,1200.66
7.74252,1200.54
7.6945,1200.45
7.64957,1200.36
7.55261,1200.18
7.53217,1200.14
7.48507,1200.05
7.44187,1199.97
7.40268,1199.9
7.26722,1199.64
7.26722,1199.64
7.21126,1199.54
7.15428,1199.43
7.11642,1199.36
7.0734,1199.27
6.97338,1199.09
6.94673,1199.03
6.91434,1198.97
6.86582,1198.88
6.78439,1198.73
6.6923,1198.55
6.6923,1198.55
6.63751,1198.45
6.58575,1198.35
6.54324,1198.27
6.5021,1198.19
6.39668,1197.99
6.37507,1197.95
6.33396,1197.87
6.29112,1197.79
6.25003,1197.72
6.15979,1197.55
6.13674,1197.5
6.10173,1197.44
6.05178,1197.34
5.97593,1197.2
5.88632,1197.03
5.88632,1197.03
5.83055,1196.92
5.78649,1196.84
5.73975,1196.75
5.69846,1196.67
5.6156,1196.52
5.60017,1196.49
5.55889,1196.41
5.47442,1196.25
5.43127,1196.16
5.3489,1196
5.3489,1196
5.29574,1195.9
5.25477,1195.82
5.21021,1195.73
5.10157,1195.5
5.10157,1195.5
5.0561,1195.41
5.00709,1195.3
4.96929,1195.22
4.93416,1195.15
4.85427,1194.98
4.83315,1194.93
4.79876,1194.86
4.76683,1194.79
4.68919,1194.63
4.61009,1194.46
4.61009,1194.46
4.55629,1194.35
4.51736,1194.26
4.47637,1194.18
4.43964,1194.1
4.36897,1193.95
4.35,1193.91
4.31786,1193.84
4.27679,1193.74
4.21814,1193.61
4.14268,1193.44
4.14268,1193.44
4.09875,1193.34
4.06091,1193.24
4.0281,1193.16
3.99871,1193.09
3.9278,1192.91
3.90567,1192.85
3.88798,1192.8
3.85566,1192.72
3.82697,1192.64
3.75351,1192.42
3.75351,1192.42
3.71428,1192.31
3.69426,1192.24
3.66701,1192.16
3.64592,1192.09
3.59354,1191.91
3.58559,1191.88
3.56513,1191.8
3.54225,1191.72
3.52347,1191.64
3.46928,1191.41
3.46928,1191.41
3.44613,1191.3
3.43112,1191.23
3.41694,1191.15
3.4061,1191.09
3.37792,1190.92
3.37052,1190.87
3.36168,1190.81
3.35351,1190.75
3.33633,1190.61
3.32128,1190.46
3.32128,1190.46
3.31307,1190.37
3.30651,1190.28
3.30168,1190.21
3.28932,1189.99
3.28932,1189.99
3.28531,1189.9
3.2826,1189.82
3.28002,1189.74
3.27826,1189.68
3.27465,1189.52
3.2741,1189.49
3.27298,1189.42
3.27186,1189.34
3.2706,1189.21
3.26971,1189.04
3.26971,1189.04
3.26959,1188.95
3.26965,1188.86
3.26979,1188.8
3.27004,1188.73
3.27096,1188.57
3.27131,1188.53
3.27176,1188.47
3.27229,1188.41
3.2735,1188.27
3.27488,1188.11
3.27488,1188.11
3.27566,1188
3.27612,1187.93
3.27649,1187.85
3.27682,1187.78
3.27745,1187.6
3.27754,1187.57
3.27773,1187.49
3.27793,1187.4
3.27829,1187.25
3.27883,1187.08
3.27883,1187.08
3.27938,1186.96
3.27981,1186.9
3.28049,1186.81
3.28118,1186.74
3.2834,1186.56
3.28401,1186.52
3.28515,1186.46
3.28712,1186.36
3.29039,1186.21
3.29423,1186.05
3.29423,1186.05
3.2968,1185.93
3.29872,1185.85
3.30022,1185.77
3.30147,1185.71
3.30503,1185.53
3.30615,1185.48
3.30765,1185.41
3.30915,1185.34
3.31602,1185.1
3.31602,1185.1
3.31988,1184.99
3.32346,1184.9
3.32719,1184.82
3.33002,1184.76
3.33867,1184.61
3.34095,1184.57
3.34535,1184.5
3.35054,1184.42
3.36114,1184.28
3.37617,1184.11
3.37617,1184.11
3.3859,1184.01
3.39339,1183.93
3.40328,1183.84
3.4218,1183.69
3.42802,1183.64
3.43594,1183.58
3.44462,1183.52
3.45598,1183.44
3.49002,1183.22
3.49002,1183.22
3.50575,1183.13
3.52161,1183.05
3.53404,1182.98
3.54803,1182.91
3.58329,1182.75
3.59378,1182.7
3.60659,1182.65
3.62253,1182.58
3.63922,1182.52
3.67502,1182.38
3.68357,1182.35
3.70021,1182.29
3.71734,1182.24
3.75558,1182.11
3.8122,1181.94
3.8122,1181.94
3.84303,1181.85
3.86337,1181.79
3.88835,1181.72
3.93558,1181.59
3.94943,1181.55
3.96881,1181.5
3.99053,1181.44
4.03805,1181.31
4.09103,1181.18
4.09103,1181.18
4.12616,1181.09
4.1575,1181.01
4.18483,1180.94
4.27116,1180.72
4.27116,1180.72
4.31417,1180.62
4.34419,1180.55
4.38023,1180.46
4.41319,1180.39
4.48657,1180.22
4.50668,1180.17
4.53314,1180.11
4.57841,1180.01
4.65426,1179.85
4.73869,1179.67
4.73869,1179.67
4.79953,1179.55
4.84303,1179.46
4.87697,1179.39
4.9291,1179.29
5.01668,1179.11
5.04081,1179.06
5.07838,1178.99
5.12207,1178.9
5.16608,1178.81
5.29496,1178.56
5.29496,1178.56
5.35285,1178.45
5.40224,1178.35
5.44549,1178.27
5.48666,1178.19
5.57505,1178.03
5.60319,1177.98
5.63688,1177.92
5.72929,1177.75
5.77836,1177.67
5.87547,1177.51
5.87547,1177.51
5.94232,1177.4
5.99798,1177.31
6.04745,1177.23
6.09797,1177.15
6.20561,1176.99
6.2353,1176.94
6.28489,1176.87
6.33115,1176.8
6.42047,1176.67
6.54263,1176.5
6.54263,1176.5
6.61381,1176.4
6.66654,1176.32
6.72587,1176.24
6.83119,1176.1
6.85893,1176.06
6.90217,1176.01
6.96797,1175.92
7.06761,1175.8
7.20348,1175.64
7.20348,1175.64
7.27321,1175.55
7.33893,1175.48
7.39547,1175.42
7.53549,1175.26
7.53549,1175.26
7.60546,1175.19
7.6781,1175.12
7.74307,1175.05
7.86166,1174.94
7.89848,1174.9
7.94279,1174.86
8.01211,1174.8
8.06928,1174.74
8.24772,1174.59
8.24772,1174.59
8.32713,1174.52
8.39559,1174.46
8.4623,1174.4
8.52254,1174.35
8.65357,1174.24
8.70203,1174.21
8.7469,1174.17
8.86732,1174.07
8.93561,1174.02
9.06013,1173.92
9.06013,1173.92
9.15422,1173.84
9.20963,1173.8
9.28186,1173.75
9.34277,1173.7
9.48517,1173.59
9.51041,1173.57
9.57207,1173.53
9.64595,1173.48
9.70934,1173.43
9.90795,1173.29
9.90795,1173.29
9.99409,1173.23
10.0684,1173.18
10.143,1173.13
10.1982,1173.1
10.3434,1173
10.3842,1172.97
10.4326,1172.94
10.5071,1172.89
10.6316,1172.8
10.7985,1172.69
10.7985,1172.69
10.8924,1172.63
10.979,1172.57
11.0499,1172.52
11.216,1172.41
11.2692,1172.38
11.3232,1172.34
11.4165,1172.28
11.5085,1172.22
11.6698,1172.11
11.7133,1172.09
11.7813,1172.04
11.8518,1171.99
11.9483,1171.93
12.2306,1171.74
12.2306,1171.74
12.3555,1171.66
12.4464,1171.6
12.5209,1171.55
12.6171,1171.49
12.8083,1171.36
12.8621,1171.32
12.9345,1171.28
13.0165,1171.22
13.1091,1171.16
13.3806,1170.98
13.3806,1170.98
13.4898,1170.91
13.5955,1170.85
13.686,1170.79
13.7702,1170.74
13.9474,1170.63
13.9884,1170.6
14.0767,1170.55
14.2405,1170.44
14.3459,1170.38
14.5403,1170.25
14.5403,1170.25
14.6529,1170.18
14.7716,1170.11
14.8625,1170.05
14.9602,1169.99
15.1667,1169.86
15.2217,1169.82
15.294,1169.78
15.4066,1169.71
15.5917,1169.59
15.8261,1169.44
15.8261,1169.44
15.9738,1169.35
16.0746,1169.29
16.1614,1169.23
16.3654,1169.11
16.4107,1169.08
16.5125,1169.02
16.6077,1168.96
16.7039,1168.91
16.9956,1168.74
16.9956,1168.74
17.1165,1168.67
17.2386,1168.61
17.3311,1168.56
17.4304,1168.5
17.6258,1168.4
17.6804,1168.37
17.7717,1168.32
17.9473,1168.23
18.0617,1168.17
18.2634,1168.07
18.2634,1168.07
18.3798,1168.01
18.5066,1167.94
18.6014,1167.89
18.6879,1167.85
18.8994,1167.74
18.9525,1167.71
19.046,1167.66
19.2176,1167.57
19.3298,1167.51
19.5338,1167.4
19.5338,1167.4
19.6557,1167.34
19.7721,1167.27
19.8669,1167.22
19.9587,1167.17
20.1784,1167.06
20.2257,1167.03
20.3131,1166.99
20.4145,1166.93
20.5093,1166.88
20.8089,1166.72
20.8089,1166.72
20.9392,1166.65
21.0364,1166.6
21.1447,1166.54
21.2399,1166.49
21.4575,1166.38
21.4996,1166.36
21.5939,1166.31
21.7067,1166.25
21.9035,1166.14
22.1281,1166.02
22.1281,1166.02
22.2897,1165.94
22.3981,1165.88
22.504,1165.82
22.601,1165.77
22.8422,1165.64
22.8935,1165.62
22.9952,1165.56
23.1156,1165.5
23.3215,1165.39
23.5948,1165.24
23.5948,1165.24
23.7479,1165.16
23.8532,1165.11
23.9741,1165.04
24.2144,1164.92
24.2808,1164.88
24.3637,1164.84
24.4861,1164.77
24.5912,1164.72
24.9202,1164.54
24.9202,1164.54
25.0729,1164.46
25.1861,1164.4
25.2753,1164.35
25.3939,1164.29
25.6481,1164.15
25.7095,1164.12
25.8116,1164.07
25.9045,1164.02
26.0256,1163.95
26.2833,1163.82
26.3458,1163.78
26.4322,1163.74
26.5325,1163.68
26.6514,1163.62
26.869,1163.5
26.9131,1163.47
27.0108,1163.42
27.2334,1163.29
27.3298,1163.24
27.5662,1163.1
27.5662,1163.1
27.7036,1163.02
27.8315,1162.95
27.9278,1162.89
28.2398,1162.71
28.2398,1162.71
28.3878,1162.63
28.4907,1162.57
28.5981,1162.51
28.7006,1162.45
28.9212,1162.32
28.9685,1162.3
29.0653,1162.24
29.1776,1162.18
29.3718,1162.07
29.5794,1161.95
29.5794,1161.95
29.7159,1161.87
29.8087,1161.82
29.8897,1161.77
29.9854,1161.71
30.1565,1161.61
30.2023,1161.59
30.2609,1161.55
30.3454,1161.5
30.4804,1161.42
30.6458,1161.33
30.6458,1161.33
30.7277,1161.28
30.7946,1161.24
30.8509,1161.21
30.9765,1161.13
30.9765,1161.13
31.0485,1161.09
31.084,1161.07
31.1299,1161.04
31.2075,1160.99
31.2284,1160.98
31.2531,1160.97
31.2849,1160.95
31.3136,1160.93
31.3734,1160.89
31.3734,1160.89
31.3955,1160.88
31.4118,1160.87
31.4258,1160.86
31.4408,1160.85
31.4749,1160.83
31.4826,1160.83
31.4963,1160.82
31.5122,1160.81
31.528,1160.8
31.5757,1160.78
31.5757,1160.78
31.5935,1160.77
31.6122,1160.75
31.6306,1160.74
31.6844,1160.71
31.6844,1160.71
31.7158,1160.69
31.7383,1160.68
31.767,1160.67
31.7922,1160.65
31.8552,1160.61
31.8753,1160.6
31.8985,1160.59
31.934,1160.57
31.9983,1160.53
32.0799,1160.48
32.0799,1160.48
32.1287,1160.45
32.1676,1160.43
32.1992,1160.41
32.2387,1160.38
32.3093,1160.34
32.335,1160.32
32.3614,1160.31
32.4261,1160.27
32.4604,1160.24
32.5348,1160.2
32.5348,1160.2
32.5792,1160.17
32.6194,1160.14
32.6521,1160.12
32.7381,1160.06
32.7381,1160.06
32.7808,1160.03
32.818,1160
32.8496,1159.98
32.8829,1159.95
32.9499,1159.9
32.9661,1159.89
32.9927,1159.87
33.0256,1159.84
33.0546,1159.82
33.1401,1159.75
33.1401,1159.75
33.1786,1159.72
33.2073,1159.7
33.2378,1159.67
33.2652,1159.65
33.322,1159.6
33.3379,1159.58
33.358,1159.57
33.3912,1159.54
33.4349,1159.5
33.487,1159.45
33.487,1159.45
33.5225,1159.41
33.545,1159.39
33.5638,1159.37
33.5879,1159.35
33.633,1159.3
33.645,1159.29
33.6617,1159.27
33.702,1159.22
33.7226,1159.2
33.766,1159.15
33.766,1159.15
33.789,1159.12
33.8109,1159.1
33.8283,1159.07
33.8797,1159.01
33.8797,1159.01
33.9018,1158.98
33.9198,1158.96
33.9378,1158.93
33.9531,1158.91
33.9874,1158.86
33.9976,1158.85
34.0092,1158.83
34.0271,1158.81
34.0608,1158.76
34.0847,1158.73
34.088,1158.72
34.1074,1158.69
34.1262,1158.67
34.1395,1158.65
34.1853,1158.58
34.1853,1158.58
34.2048,1158.55
34.2216,1158.53
34.2366,1158.51
34.2789,1158.44
34.2789,1158.44
34.2974,1158.41
34.3115,1158.39
34.3242,1158.37
34.3365,1158.35
34.3633,1158.3
34.3687,1158.29
34.3795,1158.27
34.3933,1158.25
34.4153,1158.21
34.4407,1158.16
34.4407,1158.16
34.4556,1158.13
34.4707,1158.11
34.4814,1158.09
34.4913,1158.07
34.5167,1158.02
34.5232,1158.01
34.5331,1157.99
34.545,1157.97
34.5673,1157.93
34.6006,1157.86
34.6006,1157.86
34.6201,1157.83
34.6366,1157.8
34.653,1157.77
34.6847,1157.71
34.6953,1157.69
34.7121,1157.65
34.7276,1157.62
34.7664,1157.55
34.8145,1157.46
34.8145,1157.46
34.8414,1157.4
34.8659,1157.36
34.8879,1157.31
34.9287,1157.23
34.9413,1157.21
34.9561,1157.18
34.9783,1157.13
35.0125,1157.06
35.0593,1156.96
35.0593,1156.96
35.0859,1156.9
35.1043,1156.87
35.1247,1156.82
35.173,1156.71
35.173,1156.71
35.199,1156.65
35.2183,1156.61
35.2353,1156.57
35.2696,1156.49
35.2766,1156.48
35.2943,1156.44
35.3147,1156.39
35.3503,1156.31
35.3914,1156.22
35.3914,1156.22
35.4159,1156.16
35.4375,1156.12
35.4544,1156.08
35.4697,1156.04
35.5087,1155.95
35.5203,1155.92
35.5286,1155.91
35.5443,1155.87
35.5826,1155.77
35.6169,1155.69
35.6169,1155.69
35.6388,1155.63
35.657,1155.58
35.6693,1155.55
35.6814,1155.52
35.7145,1155.43
35.7237,1155.4
35.737,1155.36
35.7465,1155.33
35.7881,1155.21
35.7881,1155.21
35.8034,1155.16
35.8178,1155.11
35.8293,1155.07
35.84,1155.04
35.8627,1154.96
35.8663,1154.95
35.879,1154.9
35.8875,1154.87
35.9045,1154.8
35.925,1154.72
35.925,1154.72
35.9365,1154.67
35.9443,1154.63
35.9529,1154.59
35.9611,1154.55
35.9764,1154.48
35.9806,1154.45
35.9857,1154.42
35.9911,1154.39
35.9969,1154.36
36.011,1154.26
36.011,1154.26
36.0167,1154.22
36.021,1154.18
36.0249,1154.15
36.0276,1154.12
36.0336,1154.06
36.0346,1154.05
36.0373,1154.01
36.039,1153.98
36.0408,1153.95
36.0444,1153.86
36.0444,1153.86
36.0454,1153.83
36.0459,1153.8
36.0461,1153.77
36.0462,1153.74
36.0459,1153.68
36.0456,1153.67
36.0452,1153.64
36.0446,1153.62
36.043,1153.57
36.0408,1153.51
36.0408,1153.51
36.0393,1153.48
36.0375,1153.45
36.036,1153.42
36.0344,1153.4
36.0308,1153.36
36.0302,1153.35
36.0278,1153.32
36.0235,1153.28
36.0211,1153.25
36.0156,1153.2
36.0156,1153.2
36.0113,1153.17
36.0083,1153.15
36.0052,1153.12
36.0023,1153.1
35.9959,1153.06
35.9944,1153.05
35.9907,1153.03
35.9874,1153.01
35.9798,1152.96
35.9703,1152.91
35.9703,1152.91
35.963,1152.87
35.9578,1152.84
35.9513,1152.81
35.9451,1152.77
35.9301,1152.7
35.9256,1152.68
35.919,1152.65
35.9002,1152.57
35.8906,1152.53
35.8663,1152.44
35.8663,1152.44
35.8499,1152.38
35.8349,1152.33
35.8213,1152.28
35.8088,1152.24
35.7668,1152.1
35.7668,1152.1
35.7426,1152.03
35.7212,1151.96
35.6983,1151.89
35.6593,1151.78
35.6497,1151.75
35.6264,1151.69
35.6036,1151.63
35.5833,1151.57
35.5008,1151.36
35.5008,1151.36
35.4683,1151.28
35.4286,1151.18
35.3945,1151.1
35.3729,1151.05
35.3019,1150.89
35.2858,1150.85
35.2558,1150.78
35.2145,1150.69
35.1536,1150.56
35.0573,1150.35
35.0573,1150.35
35.0007,1150.23
34.9581,1150.14
34.9225,1150.07
34.8269,1149.87
34.8062,1149.83
34.7651,1149.75
34.7223,1149.66
34.672,1149.56
34.5343,1149.28
34.5343,1149.28
34.4714,1149.16
34.4162,1149.05
34.3705,1148.96
34.3221,1148.86
34.2156,1148.64
34.1839,1148.58
34.1447,1148.5
34.0973,1148.41
33.9939,1148.2
33.8767,1147.96
33.8767,1147.96
33.8073,1147.82
33.7445,1147.69
33.6921,1147.59
33.6371,1147.48
33.5182,1147.23
33.4889,1147.18
33.4457,1147.09
33.3794,1146.95
33.2727,1146.74
33.1181,1146.43
33.1181,1146.43
33.0397,1146.27
32.9688,1146.12
32.9086,1146
32.7893,1145.76
32.7509,1145.68
32.6945,1145.57
32.6409,1145.46
32.5146,1145.21
32.3782,1144.93
32.3782,1144.93
32.298,1144.77
32.215,1144.6
32.1508,1144.47
32.0846,1144.34
31.9437,1144.05
31.9096,1143.98
31.8458,1143.85
31.7817,1143.72
31.6387,1143.44
31.4795,1143.11
31.4795,1143.11
31.3864,1142.92
31.2988,1142.75
31.2169,1142.58
31.0702,1142.29
31.0336,1142.21
30.9674,1142.08
30.8868,1141.92
30.8199,1141.78
30.5717,1141.29
30.5717,1141.29
30.4423,1141.03
30.3755,1140.9
30.2984,1140.75
30.2285,1140.62
30.04,1140.26
30,1140.18
29.924,1140.03
29.8329,1139.86
29.6724,1139.56
29.4568,1139.15
29.4568,1139.15
29.3385,1138.92
29.2489,1138.75
29.1517,1138.57
28.958,1138.2
28.9127,1138.11
28.8318,1137.96
28.7362,1137.77
28.6504,1137.61
28.3635,1137.06
28.3635,1137.06
28.238,1136.82
28.1347,1136.63
28.0507,1136.47
27.9496,1136.27
27.7438,1135.88
27.7015,1135.8
27.6144,1135.63
27.5098,1135.43
27.3272,1135.09
27.0854,1134.62
27.0854,1134.62
26.9542,1134.38
26.8409,1134.16
26.7421,1133.97
26.5291,1133.57
26.474,1133.46
26.3862,1133.29
26.2727,1133.08
26.0908,1132.73
25.8543,1132.28
25.8543,1132.28
25.7185,1132.02
25.5928,1131.78
25.4925,1131.59
25.3843,1131.39
25.1601,1130.96
25.1133,1130.87
25.0098,1130.68
24.8769,1130.42
24.673,1130.04
24.4597,1129.64
24.4597,1129.64
24.2956,1129.34
24.1763,1129.13
24.0447,1128.89
23.9372,1128.7
23.6923,1128.27
23.6261,1128.15
23.5264,1127.98
23.2755,1127.55
23.158,1127.35
22.9094,1126.93
22.9094,1126.93
22.7355,1126.63
22.6188,1126.43
22.4841,1126.2
22.3469,1125.97
22.1096,1125.57
22.0396,1125.45
21.9382,1125.28
21.7996,1125.04
21.5815,1124.67
21.2991,1124.19
21.2991,1124.19
21.1335,1123.91
20.9955,1123.68
20.8794,1123.48
20.7754,1123.3
20.4945,1122.82
20.4388,1122.73
20.3328,1122.55
20.2016,1122.32
19.9738,1121.94
19.7243,1121.51
19.6871,1121.45
19.545,1121.2
19.4253,1121
19.3065,1120.8
19.2013,1120.62
18.9059,1120.12
18.8319,1119.99
18.716,1119.79
18.6056,1119.6
18.504,1119.43
18.1399,1118.81
18.1399,1118.81
17.9814,1118.53
17.8299,1118.27
17.7318,1118.09
17.6168,1117.89
17.3772,1117.46
17.3285,1117.37
17.2153,1117.16
17.0051,1116.77
16.877,1116.54
16.6243,1116.07
16.6243,1116.07
16.4798,1115.8
16.358,1115.58
16.2322,1115.34
16.1257,1115.14
15.8868,1114.7
15.8441,1114.62
15.7284,1114.41
15.4914,1113.97
15.3765,1113.76
15.1312,1113.31
15.1312,1113.31
14.9775,1113.02
14.8512,1112.79
14.7209,1112.55
14.6124,1112.35
14.3406,1111.85
14.2559,1111.69
14.1705,1111.54
14.0331,1111.28
13.8001,1110.85
13.5385,1110.37
13.5385,1110.37
13.357,1110.04
13.2343,1109.81
13.1241,1109.61
12.9771,1109.34
12.6967,1108.82
12.6269,1108.7
12.5182,1108.5
12.3785,1108.24
12.1276,1107.78
11.8047,1107.18
11.8047,1107.18
11.6292,1106.86
11.4762,1106.58
11.3495,1106.35
11.0684,1105.83
10.9876,1105.68
10.881,1105.48
10.734,1105.21
10.4686,1104.72
10.1861,1104.2
10.1861,1104.2
10.0006,1103.86
9.85663,1103.6
9.69216,1103.3
9.57118,1103.07
9.26418,1102.51
9.19699,1102.38
9.0654,1102.14
8.91433,1101.86
8.66473,1101.4
8.49404,1101.09
8.40467,1100.93
8.23365,1100.61
8.06952,1100.31
7.80147,1099.82
7.47594,1099.22
7.47594,1099.22
7.26887,1098.84
7.10857,1098.54
6.9621,1098.27
6.83507,1098.04
6.49489,1097.41
6.41912,1097.27
6.29363,1097.04
6.12596,1096.73
5.84605,1096.22
5.43818,1095.47
5.43818,1095.47
5.24712,1095.12
5.07527,1094.8
4.91063,1094.5
4.59354,1093.91
4.53575,1093.81
4.3638,1093.49
4.20381,1093.2
3.90913,1092.66
3.56018,1092.01
3.56018,1092.01
3.33441,1091.6
3.18207,1091.32
2.98442,1090.95
2.85118,1090.71
2.50377,1090.07
2.40675,1089.89
2.28694,1089.67
2.1117,1089.35
1.80936,1088.79
1.45068,1088.13
1.45068,1088.13
1.24112,1087.75
1.0571,1087.41
0.899431,1087.12
0.439679,1086.28
0.439679,1086.28
0.242534,1085.91
0.0366313,1085.53
-0.0995361,1085.28
-0.263077,1084.98
-0.595392,1084.37
-0.690301,1084.2
-0.812995,1083.97
-1.12484,1083.4
-1.27757,1083.12
-1.61452,1082.5
-1.61452,1082.5
-1.86228,1082.04
-2.00094,1081.78
-2.15701,1081.5
-2.31309,1081.21
-2.63692,1080.61
-2.73355,1080.44
-2.85322,1080.22
-3.02046,1079.91
-3.3241,1079.35
-3.65977,1078.74
-3.65977,1078.74
-3.86972,1078.35
-4.03015,1078.06
-4.20049,1077.75
-4.3665,1077.44
-4.67761,1076.87
-4.77212,1076.7
-4.93045,1076.41
-5.21226,1075.89
-5.39027,1075.56
-5.70039,1075
-5.70039,1075
-5.92915,1074.57
-6.08378,1074.29
-6.21872,1074.04
-6.39708,1073.72
-6.72999,1073.11
-6.82229,1072.94
-6.9635,1072.68
-7.1157,1072.4
-7.414,1071.85
-7.73589,1071.26
-7.73589,1071.26
-7.96034,1070.85
-8.1236,1070.55
-8.28209,1070.26
-8.43415,1069.99
-8.75417,1069.41
-8.81916,1069.29
-8.97553,1069.02
-9.14919,1068.71
-9.45615,1068.18
-9.82165,1067.56
-9.82165,1067.56
-10.0278,1067.22
-10.2398,1066.88
-10.4103,1066.61
-10.5714,1066.35
-10.882,1065.88
-11.0994,1065.55
-11.3211,1065.22
-11.5017,1064.96
-11.6794,1064.7
-12.0497,1064.17
-12.1619,1064.02
-12.3199,1063.79
-12.5126,1063.52
-12.6837,1063.29
-13.2446,1062.51
-13.2446,1062.51
-13.4831,1062.19
-13.6948,1061.89
-13.9414,1061.55
-14.2828,1061.08
-14.3916,1060.93
-14.5347,1060.74
-14.7354,1060.46
-15.0707,1060
-15.4216,1059.51
-15.4216,1059.51
-15.6643,1059.18
-15.8274,1058.95
-16.0126,1058.7
-16.1673,1058.48
-16.514,1058
-16.5993,1057.89
-16.7324,1057.7
-17.0544,1057.26
-17.2215,1057.03
-17.5174,1056.62
-17.601,1056.51
-17.7428,1056.31
-17.8742,1056.13
-18.0566,1055.88
-18.1793,1055.71
-18.4423,1055.35
-18.6107,1055.12
-18.7686,1054.9
-18.9145,1054.7
-19.0572,1054.51
-19.3774,1054.07
-19.4539,1053.97
-19.5868,1053.79
-19.7505,1053.57
-20.0324,1053.19
-20.3558,1052.77
-20.3558,1052.77
-20.5746,1052.49
-20.7425,1052.28
-20.886,1052.1
-21.0441,1051.9
-21.3672,1051.51
-21.428,1051.44
-21.5814,1051.26
-21.9164,1050.87
-22.0852,1050.68
-22.4296,1050.3
-22.4296,1050.3
-22.6658,1050.04
-22.8369,1049.86
-23.029,1049.66
-23.1642,1049.53
-23.5127,1049.18
-23.6169,1049.08
-23.7439,1048.95
-24.1029,1048.61
-24.316,1048.42
-24.6878,1048.08
-24.6878,1048.08
-24.9228,1047.87
-25.1342,1047.69
-25.2954,1047.55
-25.4761,1047.4
-25.8495,1047.1
-25.931,1047.03
-26.1257,1046.88
-26.4755,1046.6
-26.6711,1046.45
-27.0128,1046.2
-27.1076,1046.13
-27.2691,1046.01
-27.4734,1045.86
-27.6535,1045.73
-28.1654,1045.38
-28.1654,1045.38
-28.4068,1045.22
-28.6421,1045.06
-28.8158,1044.94
-28.9938,1044.83
-29.342,1044.61
-29.4305,1044.55
-29.7706,1044.34
-29.9949,1044.21
-30.1781,1044.1
-30.5794,1043.87
-30.6697,1043.82
-30.8398,1043.72
-31.0489,1043.6
-31.2371,1043.5
-31.4133,1043.4
-31.7437,1043.23
-31.9856,1043.1
-32.21,1042.99
-32.3781,1042.91
-32.5778,1042.81
-33.0268,1042.6
-33.0268,1042.6
-33.291,1042.48
-33.471,1042.4
-33.679,1042.3
-34.0645,1042.14
-34.181,1042.09
-34.3212,1042.04
-34.5387,1041.95
-34.7134,1041.88
-35.2712,1041.68
-35.2712,1041.68
-35.5399,1041.58
-35.7234,1041.52
-35.9276,1041.45
-36.1173,1041.39
-36.5086,1041.28
-36.6208,1041.24
-36.7687,1041.2
-36.9724,1041.15
-37.3391,1041.05
-37.7158,1040.96
-37.7158,1040.96
-37.9684,1040.91
-38.1533,1040.86
-38.1533,1040.86
-38.6303,1040.76
-38.6716,1040.75
-39.0797,1040.67
-39.261,1040.64
-39.4117,1040.61
-39.6272,1040.57
-40.0245,1040.5
-40.0748,1040.49
-40.2747,1040.45
-40.4776,1040.41
-40.6487,1040.38
-41.1546,1040.27
-41.1546,1040.27
-41.4047,1040.22
-41.5918,1040.18
-41.766,1040.14
-41.9169,1040.1
-42.3,1040.01
-42.3712,1039.99
-42.5414,1039.94
-42.7288,1039.89
-43.0509,1039.8
-43.4093,1039.7
-43.4093,1039.7
-43.6188,1039.63
-43.829,1039.56
-43.9915,1039.51
-44.158,1039.45
-44.4694,1039.34
-44.5423,1039.31
-44.6911,1039.26
-45.0456,1039.12
-45.1864,1039.06
-45.5176,1038.92
-45.5176,1038.92
-45.7183,1038.83
-45.9035,1038.74
-46.0506,1038.68
-46.438,1038.49
-46.438,1038.49
-46.6257,1038.39
-46.8152,1038.29
-46.9472,1038.22
-47.1002,1038.14
-47.3725,1037.98
-47.4378,1037.94
-47.6645,1037.81
-47.7744,1037.74
-47.9758,1037.62
-48.255,1037.44
-48.2966,1037.41
-48.4301,1037.32
-48.5787,1037.22
-48.6995,1037.14
-48.8388,1037.04
-49.0979,1036.85
-49.1526,1036.81
-49.2606,1036.73
-49.395,1036.62
-49.6114,1036.45
-49.8878,1036.23
-49.8878,1036.23
-50.0368,1036.1
-50.1532,1036
-50.2703,1035.9
-50.373,1035.81
-50.5795,1035.62
-50.6326,1035.57
-50.8251,1035.39
-50.9311,1035.29
-51.0284,1035.19
-51.2171,1035
-51.273,1034.95
-51.3579,1034.86
-51.44,1034.77
-51.5382,1034.67
-51.7761,1034.41
-51.7761,1034.41
-51.8974,1034.27
-51.98,1034.17
-52.0702,1034.07
-52.15,1033.97
-52.319,1033.76
-52.3586,1033.71
-52.4301,1033.62
-52.5061,1033.52
-52.6489,1033.34
-52.7997,1033.13
-52.7997,1033.13
-52.8977,1032.99
-52.9669,1032.89
-53.0271,1032.8
-53.0994,1032.69
-53.2256,1032.5
-53.2528,1032.45
-53.3101,1032.36
-53.3776,1032.25
-53.4812,1032.07
-53.6202,1031.83
-53.6202,1031.83
-53.6869,1031.7
-53.7456,1031.59
-53.8045,1031.48
-53.8887,1031.31
-53.913,1031.26
-53.9532,1031.17
-53.986,1031.1
-54.0789,1030.89
-54.156,1030.71
-54.156,1030.71
-54.2036,1030.59
-54.2438,1030.48
-54.2773,1030.39
-54.3112,1030.3
-54.3662,1030.14
-54.3811,1030.09
-54.4084,1030.01
-54.4588,1029.84
-54.4826,1029.76
-54.5298,1029.58
-54.5423,1029.54
-54.5586,1029.47
-54.5811,1029.37
-54.5999,1029.29
-54.6482,1029.05
-54.6482,1029.05
-54.6692,1028.93
-54.6811,1028.85
-54.6917,1028.78
-54.7028,1028.69
-54.721,1028.54
-54.7256,1028.49
-54.7313,1028.43
-54.7422,1028.28
-54.7472,1028.19
-54.7522,1028.05
-54.7522,1028.05
-54.7537,1027.95
-54.7537,1027.88
-54.7527,1027.81
-54.7511,1027.75
-54.745,1027.61
-54.7428,1027.57
-54.739,1027.52
-54.7272,1027.38
-54.7193,1027.31
-54.7009,1027.17
-54.6968,1027.15
-54.6853,1027.07
-54.6715,1026.99
-54.6599,1026.93
-54.6459,1026.86
-54.6136,1026.71
-54.6061,1026.67
-54.5901,1026.6
-54.567,1026.51
-54.5311,1026.38
-54.4859,1026.22
-54.4859,1026.22
-54.4508,1026.11
-54.4239,1026.02
-54.3979,1025.94
-54.3739,1025.87
-54.3128,1025.7
-54.3017,1025.67
-54.2727,1025.6
-54.2024,1025.42
-54.1654,1025.33
-54.0961,1025.16
-54.0776,1025.12
-54.0409,1025.04
-54.0069,1024.96
-53.9723,1024.89
-53.9296,1024.8
-53.8519,1024.64
-53.8259,1024.59
-53.7963,1024.53
-53.7131,1024.37
-53.6692,1024.29
-53.5817,1024.13
-53.5661,1024.1
-53.5192,1024.01
-53.4785,1023.94
-53.4325,1023.86
-53.3923,1023.79
-53.2904,1023.62
-53.2641,1023.57
-53.2234,1023.5
-53.1852,1023.44
-53.0908,1023.28
-52.9919,1023.12
-52.9919,1023.12
-52.9305,1023.02
-52.871,1022.92
-52.8238,1022.84
-52.6709,1022.59
-52.6709,1022.59
-52.5997,1022.48
-52.548,1022.39
-52.4924,1022.3
-52.442,1022.22
-52.3291,1022.03
-52.2964,1021.98
-52.2583,1021.92
-52.2037,1021.83
-52.1098,1021.67
-52.0045,1021.5
-52.0045,1021.5
-51.9329,1021.38
-51.884,1021.3
-51.8285,1021.21
-51.7794,1021.12
-51.6573,1020.92
-51.6308,1020.88
-51.5832,1020.8
-51.5343,1020.72
-51.4772,1020.63
-51.3708,1020.45
-51.3392,1020.4
-51.3003,1020.34
-51.2449,1020.25
-51.1487,1020.09
-51.0155,1019.87
-51.0155,1019.87
-50.9553,1019.77
-50.8889,1019.66
-50.8379,1019.58
-50.7391,1019.42
-50.7187,1019.39
-50.6617,1019.3
-50.6123,1019.22
-50.51,1019.07
-50.3932,1018.89
-50.3932,1018.89
-50.322,1018.78
-50.2677,1018.7
-50.2067,1018.61
-50.1541,1018.54
-50.0413,1018.38
-50.0077,1018.33
-49.9625,1018.27
-49.8378,1018.1
-49.7715,1018.01
-49.6617,1017.87
-49.6373,1017.84
-49.5719,1017.75
-49.4995,1017.66
-49.4339,1017.57
-49.2321,1017.31
-49.2321,1017.31
-49.1373,1017.19
-49.0615,1017.1
-48.9936,1017.01
-48.9231,1016.92
-48.7945,1016.76
-48.7588,1016.72
-48.6989,1016.65
-48.6358,1016.57
-48.4968,1016.41
-48.3594,1016.25
-48.3355,1016.23
-48.2671,1016.15
-48.1858,1016.06
-48.1152,1015.98
-48.0554,1015.92
-47.8981,1015.76
-47.8644,1015.72
-47.7988,1015.66
-47.7153,1015.57
-47.5798,1015.44
-47.415,1015.29
-47.415,1015.29
-47.3218,1015.21
-47.2298,1015.13
-47.154,1015.07
-47.0749,1015
-46.9338,1014.89
-46.8913,1014.85
-46.7593,1014.75
-46.6673,1014.68
-46.5815,1014.62
-46.429,1014.51
-46.429,1014.51
-46.3306,1014.45
-46.2358,1014.39
-46.1598,1014.34
-46.0857,1014.29
-45.9215,1014.19
-45.868,1014.16
-45.7977,1014.12
-45.7165,1014.08
-45.5976,1014.02
-45.3995,1013.92
-45.3995,1013.92
-45.2917,1013.87
-45.2139,1013.83
-45.1477,1013.81
-44.9825,1013.74
-44.9387,1013.72
-44.8742,1013.7
-44.8094,1013.67
-44.6651,1013.62
-44.4805,1013.57
-44.4805,1013.57
-44.3887,1013.54
-44.3107,1013.52
-44.2305,1013.5
-44.1024,1013.47
-44.0762,1013.46
-44.0094,1013.45
-43.935,1013.43
-43.8142,1013.41
-43.6587,1013.39
-43.6587,1013.39
-43.5608,1013.38
-43.4882,1013.37
-43.4187,1013.36
-43.3579,1013.36
-43.1932,1013.35
-43.1504,1013.34
-43.0875,1013.34
-43.0178,1013.34
-42.855,1013.34
-42.6805,1013.34
-42.6805,1013.34
-42.5787,1013.34
-42.4691,1013.34
-42.3896,1013.35
-42.3141,1013.35
-42.1412,1013.36
-42.0835,1013.37
-41.9335,1013.38
-41.826,1013.39
-41.7404,1013.4
-41.5674,1013.43
-41.5325,1013.43
-41.4374,1013.45
-41.334,1013.46
-41.244,1013.48
-40.9844,1013.53
-40.9844,1013.53
-40.8558,1013.55
-40.7394,1013.58
-40.6414,1013.6
-40.5473,1013.63
-40.3306,1013.68
-40.2639,1013.7
-40.1923,1013.72
-40.0731,1013.76
-39.8751,1013.82
-39.654,1013.89
-39.654,1013.89
-39.5042,1013.93
-39.3999,1013.97
-39.28,1014.01
-39.1764,1014.05
-38.8935,1014.15
-38.8508,1014.17
-38.7405,1014.21
-38.6122,1014.26
-38.5027,1014.3
-38.2803,1014.39
-38.2026,1014.42
-38.1194,1014.45
-37.9867,1014.5
-37.769,1014.59
-37.5365,1014.69
-37.4828,1014.71
-37.3461,1014.77
-37.2313,1014.81
-37.1268,1014.86
-36.986,1014.92
-36.7329,1015.02
-36.6501,1015.06
-36.5533,1015.1
-36.2899,1015.21
-36.1621,1015.26
-35.9206,1015.36
-35.876,1015.38
-35.7409,1015.44
-35.5974,1015.5
-35.4631,1015.56
-35.3194,1015.62
-34.9779,1015.78
-34.885,1015.82
-34.7503,1015.88
-34.6273,1015.94
-34.4894,1016
-34.1542,1016.16
-34.0737,1016.2
-33.9415,1016.26
-33.8114,1016.32
-33.6487,1016.4
-33.3596,1016.54
-33.2784,1016.58
-33.1359,1016.65
-32.9748,1016.73
-32.7037,1016.87
-32.3616,1017.04
-32.3616,1017.04
-32.1605,1017.14
-31.9771,1017.24
-31.7186,1017.38
-31.3627,1017.58
-31.3627,1017.58
-31.1246,1017.72
-30.99,1017.79
-30.8164,1017.9
-30.5053,1018.09
-30.406,1018.15
-30.2648,1018.24
-30.1089,1018.34
-29.8115,1018.53
-29.4844,1018.75
-29.4844,1018.75
-29.2389,1018.92
-29.0701,1019.03
-28.9237,1019.14
-28.7825,1019.24
-28.4894,1019.45
-28.401,1019.52
-28.2546,1019.63
-27.9401,1019.87
-27.7817,1019.99
-27.4067,1020.29
-27.4067,1020.29
-27.2013,1020.45
-27.007,1020.61
-26.8545,1020.74
-26.5183,1021.03
-26.448,1021.09
-26.2975,1021.22
-26.1293,1021.37
-25.9963,1021.49
-25.5562,1021.89
-25.5562,1021.89
-25.3278,1022.1
-25.1801,1022.24
-25.021,1022.4
-24.8425,1022.57
-24.5396,1022.87
-24.4473,1022.96
-24.3349,1023.08
-24.1523,1023.26
-23.8661,1023.56
-23.5748,1023.88
-23.5748,1023.88
-23.4062,1024.06
-23.2514,1024.23
-23.0613,1024.44
-22.912,1024.61
-22.5796,1025
-22.4711,1025.13
-22.367,1025.25
-22.2041,1025.45
-22.0613,1025.62
-21.6012,1026.19
-21.6012,1026.19
-21.4215,1026.43
-21.2373,1026.66
-21.1096,1026.83
-20.7277,1027.34
-20.7277,1027.34
-20.5286,1027.61
-20.362,1027.84
-20.2208,1028.03
-20.1246,1028.16
-19.8707,1028.52
-19.7803,1028.65
-19.6656,1028.82
-19.4317,1029.16
-19.2807,1029.38
-19.0353,1029.76
-18.9836,1029.84
-18.8588,1030.03
-18.7102,1030.27
-18.5914,1030.47
-18.4742,1030.66
-18.2197,1031.09
-18.1488,1031.21
-18.0412,1031.4
-17.9125,1031.63
-17.7109,1032
-17.4405,1032.51
-17.4405,1032.51
-17.2608,1032.85
-17.1587,1033.05
-17.0349,1033.3
-16.8153,1033.75
-16.7177,1033.96
-16.6327,1034.14
-16.5539,1034.31
-16.4425,1034.55
-16.1407,1035.22
-16.1407,1035.22
-15.9934,1035.56
-15.8895,1035.81
-15.7771,1036.08
-15.6985,1036.27
-15.504,1036.75
-15.4414,1036.91
-15.3742,1037.08
-15.2795,1037.32
-15.0967,1037.79
-14.9132,1038.27
-14.9132,1038.27
-14.8033,1038.55
-14.6844,1038.86
-14.6104,1039.06
-14.5208,1039.29
-14.3333,1039.78
-14.2832,1039.91
-14.1982,1040.13
-14.0414,1040.53
-13.9253,1040.83
-13.7521,1041.28
-13.7521,1041.28
-13.6299,1041.6
-13.5276,1041.86
-13.4382,1042.09
-13.3443,1042.33
-13.1706,1042.78
-13.1281,1042.89
-13.0477,1043.09
-12.9517,1043.34
-12.7839,1043.77
-12.582,1044.29
-12.582,1044.29
-12.4477,1044.63
-12.3636,1044.85
-12.2696,1045.09
-12.1839,1045.31
-11.9788,1045.84
-11.9259,1045.98
-11.8495,1046.17
-11.7552,1046.42
-11.6565,1046.67
-11.4666,1047.16
-11.4146,1047.29
-11.3424,1047.48
-11.2408,1047.74
-11.1655,1047.93
-10.9128,1048.58
-10.9128,1048.58
-10.7916,1048.9
-10.6872,1049.17
-10.5997,1049.39
-10.5123,1049.62
-10.3344,1050.08
-10.2806,1050.21
-10.1928,1050.44
-10.0226,1050.88
-9.91926,1051.15
-9.72954,1051.63
-9.72954,1051.63
-9.60272,1051.96
-9.49341,1052.24
-9.39979,1052.48
-9.30657,1052.72
-9.1144,1053.22
-9.05812,1053.36
-8.96079,1053.61
-8.88199,1053.82
-8.69392,1054.3
-8.47101,1054.88
-8.47101,1054.88
-8.3447,1055.2
-8.22103,1055.52
-8.12373,1055.77
-8.03007,1056.01
-7.7991,1056.61
-7.72588,1056.79
-7.64084,1057.01
-7.54004,1057.27
-7.36365,1057.71
-7.1053,1058.36
-7.1053,1058.36
-6.95071,1058.74
-6.84732,1058.99
-6.72929,1059.28
-6.54803,1059.71
-6.51291,1059.8
-6.26364,1060.39
-6.13928,1060.69
-6.03779,1060.93
-5.82177,1061.44
-5.76285,1061.58
-5.6532,1061.85
-5.54267,1062.11
-5.41395,1062.42
-5.05788,1063.26
-5.05788,1063.26
-4.87222,1063.71
-4.75391,1063.99
-4.62729,1064.29
-4.5257,1064.53
-4.27711,1065.12
-4.20216,1065.3
-4.08677,1065.57
-3.87535,1066.06
-3.71917,1066.42
-3.44544,1067.04
-3.44544,1067.04
-3.22375,1067.53
-3.11598,1067.77
-2.97616,1068.07
-2.84274,1068.35
-2.53734,1068.99
-2.44233,1069.18
-2.3329,1069.4
-2.17362,1069.72
-1.90174,1070.25
-1.57574,1070.88
-1.57574,1070.88
-1.36043,1071.28
-1.20138,1071.57
-1.04492,1071.86
-0.912862,1072.1
-0.560791,1072.73
-0.497058,1072.85
-0.322331,1073.16
-0.150955,1073.46
0.112755,1073.93
0.463064,1074.56
0.463064,1074.56
0.660883,1074.91
0.850643,1075.25
1.01052,1075.53
1.18821,1075.85
1.50101,1076.41
1.5738,1076.54
1.72591,1076.82
1.87776,1077.09
2.05196,1077.4
2.47896,1078.17
2.47896,1078.17
2.68356,1078.54
2.86596,1078.87
3.00724,1079.12
3.14824,1079.38
3.49991,1080.01
3.60302,1080.2
3.72074,1080.41
3.88929,1080.71
4.16961,1081.22
4.48034,1081.78
4.48034,1081.78
4.68586,1082.15
4.85108,1082.45
5.02228,1082.76
5.17658,1083.04
5.50186,1083.62
5.60195,1083.8
5.74209,1084.05
5.89483,1084.33
6.16694,1084.82
6.49661,1085.41
6.49661,1085.41
6.71888,1085.81
6.89616,1086.13
7.05474,1086.42
7.34227,1086.93
7.42096,1087.07
7.56246,1087.33
7.72888,1087.63
7.86928,1087.88
8.31547,1088.69
8.31547,1088.69
8.51938,1089.05
8.6997,1089.38
8.84177,1089.63
8.98118,1089.88
9.29757,1090.45
9.39704,1090.63
9.54123,1090.89
9.79805,1091.36
9.97369,1091.67
10.2829,1092.23
10.2829,1092.23
10.4985,1092.62
10.6452,1092.88
10.7969,1093.15
10.9408,1093.41
11.2447,1093.96
11.313,1094.08
11.4656,1094.36
11.5979,1094.59
11.8567,1095.06
12.1523,1095.59
12.1523,1095.59
12.3449,1095.94
12.4834,1096.19
12.5967,1096.39
12.7322,1096.63
13.0072,1097.13
13.113,1097.32
13.2009,1097.47
13.3203,1097.69
13.5381,1098.08
13.8115,1098.57
13.8115,1098.57
13.9593,1098.83
14.0966,1099.08
14.2122,1099.29
14.4354,1099.69
14.4975,1099.8
14.5795,1099.95
14.7019,1100.17
14.8077,1100.35
15.0878,1100.86
15.0878,1100.86
15.2171,1101.09
15.3375,1101.3
15.4456,1101.49
15.5299,1101.65
15.7572,1102.05
15.8175,1102.16
15.883,1102.28
15.9834,1102.45
16.0788,1102.62
16.2461,1102.92
16.2944,1103.01
16.3684,1103.14
16.4679,1103.32
16.61,1103.57
16.7773,1103.86
16.7773,1103.86
16.8796,1104.05
16.9588,1104.19
17.042,1104.33
17.1137,1104.46
17.2607,1104.72
17.314,1104.81
17.3752,1104.92
17.4243,1105.01
17.5465,1105.22
17.6864,1105.46
17.6864,1105.46
17.766,1105.6
17.8346,1105.72
17.8851,1105.81
17.9338,1105.89
18.049,1106.09
18.089,1106.16
18.1273,1106.23
18.2198,1106.39
18.2676,1106.47
18.3612,1106.63
18.3612,1106.63
18.4179,1106.73
18.4701,1106.82
18.5119,1106.89
18.5474,1106.95
18.6184,1107.07
18.6372,1107.1
18.6691,1107.16
18.6968,1107.2
18.7531,1107.3
18.8124,1107.4
18.8124,1107.4
18.8463,1107.46
18.8671,1107.49
18.8886,1107.53
18.9062,1107.56
18.9408,1107.61
18.9516,1107.63
18.9599,1107.65
18.9721,1107.67
18.9822,1107.68
19.0008,1107.71
19.0008,1107.71
19.0057,1107.72
19.0079,1107.72
19.0091,1107.72
19.0095,1107.72
19.0098,1107.72
19.0097,1107.72
19.0093,1107.72
19.0089,1107.72
19.0078,1107.72
19.0064,1107.72
19.0064,1107.72
19.0056,1107.72
19.0049,1107.72
19.0042,1107.72
19.0034,1107.72
19.0031,1107.72
19.0028,1107.72
19.0024,1107.72
19.0022,1107.72
19.0016,1107.71
19.0016,1107.71
19.0015,1107.71
19.0014,1107.71
19.0014,1107.71
19.0014,1107.71
19.0013,1107.71
19.0013,1107.71
19.0013,1107.71
19.0013,1107.71
19.0013,1107.71
19.0014,1107.71
19.0014,1107.71
19.0014,1107.71
19.0015,1107.71
19.0015,1107.71
19.0015,1107.71
19.0016,1107.71
19.0016,1107.71
19.0016,1107.71
19.0017,1107.71
19.0017,1107.71
